date,totalAssets,totalCurrentAssets,cashAndCashEquivalentsAtCarryingValue,cashAndShortTermInvestments,inventory,currentNetReceivables,totalNonCurrentAssets,propertyPlantEquipment,accumulatedDepreciationAmortizationPPE,intangibleAssets,intangibleAssetsExcludingGoodwill,goodwill,investments,longTermInvestments,shortTermInvestments,otherCurrentAssets,otherNonCurrentAssets,totalLiabilities,totalCurrentLiabilities,currentAccountsPayable,deferredRevenue,currentDebt,shortTermDebt,totalNonCurrentLiabilities,capitalLeaseObligations,longTermDebt,currentLongTermDebt,longTermDebtNoncurrent,shortLongTermDebtTotal,otherCurrentLiabilities,otherNonCurrentLiabilities,totalShareholderEquity,treasuryStock,retainedEarnings,commonStock,commonStockSharesOutstanding,grossProfit,totalRevenue,costOfRevenue,costofGoodsAndServicesSold,operatingIncome,sellingGeneralAndAdministrative,researchAndDevelopment,operatingExpenses,investmentIncomeNet,netInterestIncome,interestIncome,interestExpense,nonInterestIncome,otherNonOperatingIncome,depreciation,depreciationAndAmortization,incomeBeforeTax,incomeTaxExpense,interestAndDebtExpense,netIncomeFromContinuingOperations,comprehensiveIncomeNetOfTax,ebit,ebitda,netIncome,reportedDate,reportedEPS,estimatedEPS,surprise,surprisePercentage
2014-03-31,205989000000,70541000000,18949000000,41350000000,1829000000,9700000000,244687000000,15120000000,15286000000,5983000000,3928000000,2055000000,150589000000,109239000000,22401000000,7528000000,5106000000,85810000000,43208000000,18914000000,None,None,None,45111000000,None,16962000000,None,16200000000,16962000000,15984000000,22476000000,120179000000,None,98934000000,21496000000,861745000,17947000000,45561000000,30631000000,27699000000,13593000000,2932000000,1422000000,4354000000,410000000,-85000000,None,85000000,None,-100000000,None,1887000000,13818000000,3595000000,85000000,10223000000,10278000000,13903000000,15480000000,10223000000,2014-04-23,0.415,0.365,0.05,13.6986
2014-06-30,222520000000,67949000000,12977000000,37805000000,1594000000,16841000000,281256000000,17585000000,16868000000,6141000000,3767000000,2374000000,164490000000,126685000000,24828000000,7825000000,4160000000,101580000000,46205000000,20535000000,None,2010000000,2010000000,49632000000,None,29030000000,None,28500000000,31040000000,15264000000,23287000000,120940000000,None,98715000000,22139000000,5989171000,14735000000,37332000000,25547000000,22697000000,10282000000,2850000000,1603000000,4453000000,439000000,-100000000,None,100000000,None,-137000000,None,1946000000,10484000000,2736000000,100000000,7748000000,8085000000,10584000000,12228000000,7748000000,2014-07-22,0.32,0.3075,0.0125,4.065
2014-09-30,231839000000,68531000000,13844000000,25077000000,2111000000,27219000000,293470000000,20624000000,18391000000,8758000000,4142000000,4616000000,155239000000,130162000000,11233000000,9806000000,3764000000,120292000000,63448000000,30196000000,None,6308000000,6308000000,52683000000,None,28987000000,0,28987000000,35295000000,18453000000,24826000000,111547000000,None,87152000000,23313000000,5866161000,16009000000,42123000000,36172000000,26114000000,11165000000,3158000000,1686000000,4844000000,519000000,-115000000,None,115000000,None,-97000000,None,1969000000,11472000000,3005000000,115000000,16009000000,9463000000,11587000000,13134000000,8467000000,2014-10-20,0.355,0.3275,0.0275,8.3969
2014-12-31,261894000000,83403000000,19478000000,32463000000,2283000000,29976000000,323983000000,20392000000,20355000000,8999000000,4370000000,4629000000,177955000000,145492000000,12985000000,13635000000,3608000000,138566000000,73611000000,38001000000,None,3899000000,3899000000,61422000000,None,32504000000,None,32400000000,36403000000,22724000000,28971000000,123328000000,None,97178000000,24187000000,5826419000,29741000000,74468000000,48458000000,44858000000,24246000000,3600000000,1895000000,5495000000,654000000,-131000000,None,131000000,None,-353000000,None,2575000000,24416000000,6392000000,131000000,18024000000,18905000000,24547000000,26821000000,18024000000,2015-01-27,0.765,0.65,0.115,17.6923
2015-03-31,261194000000,67891000000,14489000000,33096000000,2396000000,18164000000,353746000000,20151000000,22309000000,8772000000,4061000000,4711000000,193539000000,160443000000,18607000000,9094000000,3937000000,132188000000,58729000000,23159000000,None,3799000000,3799000000,63203000000,None,40072000000,None,40200000000,43871000000,22827000000,29816000000,129006000000,None,100920000000,25376000000,5762278000,23656000000,57847000000,37814000000,34354000000,18278000000,3460000000,1918000000,5378000000,675000000,-163000000,None,163000000,None,-226000000,None,2479000000,18564000000,4995000000,163000000,13569000000,14316000000,18727000000,20757000000,13569000000,2015-04-27,0.5825,0.54,0.0425,7.8704
2015-06-30,273151000000,70953000000,15319000000,34703000000,2042000000,19907000000,370343000000,21149000000,24395000000,8823000000,3779000000,5044000000,202848000000,168145000000,19384000000,9291000000,4081000000,147474000000,65285000000,26474000000,None,6999000000,4499000000,113485000000,None,51200000000,2500000000,47419000000,104386000000,22724000000,31296000000,125677000000,None,98252000000,26327000000,5705400000,19681000000,49404000000,33488000000,29924000000,14083000000,3564000000,2034000000,5598000000,766000000,-201000000,None,201000000,None,-175000000,None,3084000000,14473000000,3796000000,201000000,10677000000,9065000000,14674000000,17167000000,10677000000,2015-07-21,0.4625,0.4525,0.01,2.2099
2015-09-30,290345000000,89378000000,21120000000,41601000000,2349000000,30343000000,365166000000,22471000000,26786000000,9009000000,3893000000,5116000000,205666000000,164065000000,20481000000,15085000000,5422000000,170990000000,80610000000,35490000000,None,10999000000,8499000000,123941000000,None,57400000000,2500000000,53329000000,119787000000,25181000000,33427000000,119355000000,None,92284000000,27416000000,5578753000,20548000000,51501000000,43858000000,30953000000,14623000000,3705000000,2220000000,5925000000,826000000,-238000000,None,238000000,None,-149000000,None,3119000000,15062000000,3938000000,238000000,20548000000,9681000000,15300000000,17742000000,11124000000,2015-10-27,0.49,0.47,0.02,4.2553
2015-12-31,293284000000,76219000000,16689000000,38074000000,2451000000,24621000000,394730000000,22300000000,29042000000,9126000000,3924000000,5202000000,215739000000,177665000000,21385000000,11073000000,7974000000,165017000000,76092000000,33312000000,None,9759000000,7259000000,121100000000,None,57600000000,2500000000,53204000000,62698000000,24032000000,32175000000,128267000000,None,101494000000,28253000000,5544487000,30423000000,75596000000,49297000000,45449000000,24171000000,3848000000,2404000000,6252000000,941000000,-276000000,None,276000000,None,-263000000,None,2954000000,24573000000,6212000000,276000000,18361000000,17226000000,24849000000,27125000000,18361000000,2016-01-26,0.82,0.8075,0.0125,1.548
2016-03-31,305277000000,87592000000,21514000000,55283000000,2281000000,19824000000,395330000000,23203000000,30848000000,9092000000,3843000000,5249000000,232928000000,177645000000,33769000000,10204000000,7745000000,174820000000,68265000000,25098000000,None,10498000000,7998000000,140414000000,None,74900000000,2500000000,69374000000,79357000000,23208000000,33859000000,130457000000,None,102021000000,29484000000,5478446000,19921000000,50236000000,34059000000,30636000000,13987000000,3423000000,2511000000,5934000000,986000000,-321000000,None,321000000,None,-510000000,None,2477000000,14142000000,3626000000,321000000,10516000000,10948000000,14463000000,16464000000,10516000000,2016-04-26,0.475,0.5,-0.025,-5
2016-06-30,305602000000,93761000000,18237000000,61756000000,1831000000,19042000000,381605000000,25448000000,32543000000,8767000000,3506000000,5261000000,231520000000,169764000000,43519000000,11132000000,7862000000,179061000000,71486000000,26318000000,None,15996000000,12496000000,143147000000,None,77600000000,3500000000,68939000000,84075000000,20820000000,35572000000,126541000000,None,96542000000,30106000000,5393165000,16106000000,41949000000,29693000000,26252000000,10105000000,3441000000,2560000000,6001000000,1036000000,-409000000,None,409000000,None,-263000000,None,2526000000,10469000000,2673000000,409000000,7796000000,8737000000,10878000000,12631000000,7796000000,2016-07-26,0.355,0.345,0.01,2.8986
2016-09-30,321686000000,106869000000,20484000000,67155000000,2132000000,29299000000,385247000000,27010000000,34235000000,8620000000,3206000000,5414000000,237585000000,170430000000,46671000000,8283000000,8757000000,193437000000,79006000000,37294000000,None,11600000000,8100000000,150505000000,None,85200000000,3500000000,75427000000,164694000000,22027000000,36074000000,128249000000,None,96364000000,31251000000,5336166000,17813000000,47858000000,40821000000,29039000000,11761000000,3482000000,2570000000,6052000000,1036000000,-450000000,None,450000000,None,-159000000,None,2548000000,12188000000,3174000000,450000000,17813000000,9755000000,12638000000,14309000000,9014000000,2016-10-25,0.4175,0.415,0.0025,0.6024
2016-12-31,331141000000,103332000000,16371000000,60452000000,2712000000,27977000000,413447000000,26510000000,36249000000,8271000000,2848000000,5423000000,246090000000,185638000000,44081000000,12191000000,7390000000,198751000000,84130000000,38510000000,None,13992000000,10493000000,152522000000,None,81199000000,3499000000,73557000000,87705000000,23739000000,37901000000,132390000000,None,100001000000,32144000000,5255423000,30176000000,78351000000,48175000000,48175000000,23359000000,3946000000,2871000000,6817000000,1224000000,-525000000,None,525000000,None,122000000,None,2987000000,24180000000,6289000000,525000000,17891000000,17502000000,24705000000,26346000000,17891000000,2017-01-31,0.84,0.8025,0.0375,4.6729
2017-03-31,334532000000,101990000000,15157000000,15157000000,2910000000,None,232542000000,27163000000,37961000000,8090000000,2617000000,5473000000,None,189740000000,51944000000,11367000000,7549000000,200450000000,73342000000,28573000000,None,None,13991000000,127108000000,None,93699000000,3999000000,84531000000,98522000000,23096000000,39470000000,134082000000,None,100925000000,33579000000,5205815000,20591000000,52896000000,32305000000,32305000000,14097000000,3718000000,2776000000,6494000000,1282000000,-530000000,None,530000000,None,-165000000,None,2332000000,14684000000,3655000000,530000000,20591000000,10362000000,15214000000,16429000000,11029000000,2017-05-02,0.525,0.505,0.02,3.9604
2017-06-30,345173000000,112875000000,18571000000,18571000000,3146000000,None,232298000000,29286000000,39695000000,8105000000,2444000000,5661000000,None,184757000000,58188000000,10338000000,10150000000,212748000000,81302000000,31915000000,None,None,18475000000,131446000000,None,104795000000,6495000000,89864000000,108339000000,23304000000,38598000000,132425000000,None,98525000000,34445000000,5169782000,17488000000,45408000000,27920000000,27920000000,10768000000,3783000000,2937000000,6720000000,1327000000,-602000000,None,602000000,None,-185000000,None,2354000000,11308000000,2591000000,602000000,17488000000,8594000000,11910000000,13122000000,8717000000,2017-08-01,0.4175,0.3925,0.025,6.3694
2017-09-30,375319000000,128645000000,20289000000,74181000000,4855000000,35673000000,246674000000,33783000000,41293000000,8015000000,2298000000,5717000000,268895000000,194714000000,53892000000,13936000000,18177000000,241272000000,100814000000,44242000000,10384000000,18473000000,11977000000,140458000000,None,112596000000,6496000000,97207000000,219794000000,30551000000,40415000000,134047000000,None,98330000000,35867000000,5126201000,19931000000,52579000000,32648000000,32648000000,13120000000,3814000000,2997000000,6811000000,1368000000,-666000000,None,666000000,None,95000000,None,2484000000,13917000000,3203000000,666000000,19931000000,11109000000,14583000000,15604000000,10714000000,2017-11-02,0.5175,0.4675,0.05,10.6952
2017-12-31,406794000000,143810000000,27491000000,77153000000,4421000000,50899000000,470928000000,33679000000,43431000000,8038000000,2149000000,5889000000,285097000000,207944000000,49662000000,11337000000,13323000000,266595000000,115788000000,62985000000,11175000000,18478000000,11980000000,194561000000,None,119998000000,6498000000,103922000000,122767000000,26281000000,43754000000,140199000000,None,104593000000,36447000000,5081651000,33912000000,88293000000,54381000000,54381000000,26274000000,4231000000,3407000000,7638000000,1452000000,-734000000,None,734000000,88293000000,38000000,None,2745000000,27030000000,6965000000,734000000,20065000000,19374000000,27764000000,29019000000,20065000000,2018-02-01,0.9725,0.965,0.0075,0.7772
2018-03-31,367502000000,130053000000,45059000000,87940000000,7662000000,22408000000,416735000000,35077000000,45425000000,None,None,None,267226000000,179286000000,42881000000,12043000000,23086000000,240624000000,89320000000,34311000000,10862000000,20478000000,11980000000,198159000000,None,119598000000,8498000000,101362000000,122881000000,26756000000,46855000000,126878000000,None,91898000000,38044000000,4943282000,23422000000,61137000000,37715000000,37715000000,15894000000,4150000000,3378000000,7528000000,1505000000,-792000000,None,792000000,61137000000,-439000000,None,2739000000,16168000000,2346000000,792000000,13822000000,11877000000,16960000000,18633000000,13822000000,2018-05-01,0.6825,0.6725,0.01,1.487
2018-06-30,349197000000,115761000000,31971000000,70970000000,5936000000,26367000000,406209000000,38117000000,47251000000,None,None,None,243743000000,172773000000,38999000000,12488000000,22546000000,234248000000,88548000000,38489000000,10281000000,17472000000,11974000000,191394000000,None,108598000000,5498000000,97128000000,115871000000,25184000000,45694000000,114949000000,None,79436000000,38624000000,4842917000,20421000000,53265000000,32844000000,32844000000,12612000000,4108000000,3701000000,7809000000,1418000000,-846000000,None,846000000,53265000000,100000000,None,2665000000,13284000000,1765000000,846000000,11519000000,11472000000,14130000000,15277000000,11519000000,2018-07-31,0.585,0.545,0.04,7.3394
2018-09-30,365725000000,131339000000,25913000000,25913000000,3956000000,48995000000,234386000000,41304000000,49099000000,None,None,None,448287000000,170799000000,40388000000,12087000000,22283000000,258578000000,115929000000,55888000000,14766000000,20748000000,11964000000,142649000000,None,111984000000,8784000000,93735000000,220132000000,33327000000,48914000000,107147000000,None,70400000000,40201000000,4754986000,24084000000,62900000000,38816000000,38816000000,16118000000,4216000000,3750000000,7966000000,1311000000,-868000000,None,868000000,62900000000,-140000000,None,2754000000,16421000000,2296000000,868000000,24084000000,13782000000,17289000000,18872000000,14125000000,2018-11-01,0.73,0.7,0.03,4.2857
2018-12-31,373719000000,140828000000,44771000000,86427000000,4988000000,36981000000,232891000000,39597000000,51929000000,None,None,None,446799000000,158608000000,41656000000,12432000000,34686000000,255827000000,108283000000,44293000000,None,21741000000,11969000000,147544000000,None,112372000000,9772000000,92989000000,115529000000,36703000000,54555000000,117892000000,None,80510000000,40970000000,4729803000,32031000000,83420000000,57062000000,52279000000,23346000000,4783000000,3902000000,8685000000,1307000000,-890000000,None,890000000,84310000000,143000000,None,3395000000,23906000000,3941000000,890000000,19965000000,19742000000,24796000000,26741000000,19965000000,2019-01-29,1.05,1.04,0.01,0.9615
2019-03-31,341998000000,123346000000,37988000000,80092000000,4884000000,26278000000,218652000000,38746000000,54290000000,None,None,None,414334000000,145319000000,42104000000,12092000000,34587000000,236138000000,93772000000,30443000000,None,22429000000,11924000000,142366000000,None,113805000000,10505000000,90201000000,112922000000,35368000000,52165000000,105860000000,None,64558000000,42801000000,4607284000,21821000000,57005000000,40652000000,36194000000,13415000000,4458000000,3948000000,8406000000,1358000000,-1010000000,1358000000,1010000000,58015000000,30000000,None,3040000000,13793000000,2232000000,1010000000,11561000000,13650000000,14803000000,16455000000,11561000000,2019-04-30,0.62,0.59,0.03,5.0847
2019-06-30,322239000000,134973000000,50530000000,94614000000,3355000000,26474000000,187266000000,37636000000,56348000000,None,None,None,370690000000,115996000000,44084000000,10530000000,33634000000,225783000000,89704000000,29115000000,None,23482000000,9953000000,136079000000,None,116029000000,13529000000,84936000000,108059000000,31673000000,51143000000,96456000000,None,53724000000,43371000000,4531395000,20227000000,52943000000,38008000000,33582000000,11544000000,4426000000,4257000000,8683000000,1190000000,-866000000,1190000000,866000000,53809000000,43000000,None,2933000000,11911000000,1867000000,866000000,10044000000,10904000000,12777000000,14477000000,10044000000,2019-07-30,0.55,0.53,0.02,3.7736
2019-09-30,338516000000,162819000000,48844000000,100557000000,4106000000,45804000000,175697000000,37378000000,58579000000,None,None,None,362952000000,105341000000,51713000000,12352000000,32978000000,248028000000,105718000000,46236000000,13622000000,16240000000,5980000000,142310000000,None,117760000000,10260000000,91807000000,209135000000,37720000000,50503000000,90488000000,None,45898000000,45174000000,4443236000,24313000000,64040000000,44305000000,39727000000,15625000000,4578000000,4110000000,8688000000,1106000000,-810000000,1106000000,810000000,64040000000,206000000,None,3179000000,16127000000,2441000000,810000000,24313000000,13741000000,16937000000,18804000000,13686000000,2019-10-30,0.76,0.71,0.05,7.0423
2019-12-31,340618000000,163231000000,39771000000,107162000000,4097000000,39946000000,177387000000,37031000000,60959000000,None,None,None,374351000000,99899000000,67391000000,12026000000,40457000000,251087000000,102161000000,45111000000,14673000000,15214000000,4990000000,148926000000,None,119324000000,10224000000,93078000000,107861000000,36263000000,55848000000,89531000000,None,43977000000,45972000000,4384959000,35217000000,91034000000,61799000000,56602000000,25569000000,5197000000,4451000000,9648000000,1045000000,-785000000,1045000000,785000000,91819000000,89000000,None,2816000000,25918000000,3682000000,785000000,22236000000,22266000000,26703000000,28385000000,22236000000,2020-01-28,1.25,1.14,0.11,9.6491
2020-03-31,320400000000,143753000000,40174000000,94051000000,3334000000,30677000000,176647000000,35889000000,62854000000,None,None,None,345514000000,98793000000,53877000000,15691000000,41965000000,241975000000,96094000000,32421000000,15328000000,20421000000,10029000000,145881000000,None,115992000000,10392000000,89086000000,107777000000,37324000000,56795000000,78425000000,None,33182000000,48032000000,4323987000,22370000000,57556000000,40895000000,35943000000,12853000000,4952000000,4565000000,9517000000,1049000000,-757000000,1049000000,757000000,58313000000,-10000000,None,2786000000,13135000000,1886000000,757000000,11249000000,8878000000,13892000000,15639000000,11249000000,2020-04-30,0.64,0.56,0.08,14.2857
2020-06-30,317344000000,140065000000,33383000000,93025000000,3978000000,32075000000,177279000000,35687000000,65230000000,None,None,None,353851000000,100592000000,59642000000,10987000000,41000000000,245062000000,95318000000,35325000000,16113000000,18675000000,11166000000,149744000000,None,118309000000,7509000000,94048000000,110987000000,35005000000,55696000000,72282000000,None,24136000000,48696000000,4283939000,22680000000,58988000000,41836000000,37005000000,13091000000,4831000000,4758000000,9589000000,901000000,-697000000,901000000,697000000,59685000000,-158000000,None,2752000000,13137000000,1884000000,697000000,11253000000,13492000000,13834000000,15843000000,11253000000,2020-07-30,0.65,0.51,0.14,27.451
2020-09-30,323888000000,143713000000,38016000000,90943000000,4061000000,37445000000,180175000000,36766000000,66760000000,None,None,None,345644000000,100887000000,52927000000,11264000000,42522000000,258549000000,105392000000,42296000000,16843000000,13793000000,4996000000,153157000000,637000000,125873000000,8773000000,98667000000,216860000000,42684000000,54490000000,65339000000,None,14966000000,50779000000,16976763000,24689000000,64698000000,44945000000,40009000000,14775000000,4936000000,4978000000,9914000000,768000000,-634000000,134000000,634000000,64698000000,-8000000,None,2702000000,14901000000,2228000000,634000000,24689000000,12817000000,15535000000,17477000000,12673000000,2020-10-29,0.73,0.7,0.03,4.2857
2020-12-31,354054000000,154106000000,36010000000,76826000000,4973000000,58620000000,199948000000,37933000000,67560000000,None,None,None,355132000000,118745000000,40816000000,13687000000,43270000000,287830000000,132507000000,63846000000,18995000000,12762000000,5000000000,155323000000,None,124962000000,7762000000,99281000000,110595000000,48504000000,56042000000,66224000000,None,14301000000,51744000000,16823263000,44328000000,110801000000,72742000000,67111000000,33534000000,5631000000,5163000000,10794000000,747000000,-638000000,747000000,638000000,111439000000,-64000000,None,2666000000,33579000000,4824000000,638000000,28755000000,29340000000,34217000000,36200000000,28755000000,2021-01-27,1.68,1.41,0.27,19.1489
2021-03-31,337158000000,121465000000,38466000000,69834000000,5219000000,33036000000,215693000000,37815000000,69465000000,None,None,None,338696000000,134539000000,31368000000,13376000000,43339000000,267980000000,106385000000,40127000000,19495000000,13003000000,5000000000,161595000000,None,129203000000,8003000000,108642000000,120629000000,45660000000,52953000000,69178000000,None,15261000000,54203000000,16686305000,38079000000,88914000000,56819000000,51505000000,27503000000,5314000000,5262000000,10576000000,718000000,-670000000,718000000,670000000,89584000000,460000000,None,2797000000,28011000000,4381000000,670000000,23630000000,23165000000,28681000000,30300000000,23630000000,2021-04-28,1.4,0.99,0.41,41.4141
2021-06-30,329840000000,114423000000,34050000000,61696000000,5178000000,33908000000,215417000000,38615000000,70242000000,None,None,None,328650000000,131948000000,27646000000,13641000000,44854000000,265560000000,107754000000,40409000000,19681000000,16039000000,8000000000,157806000000,None,128339000000,8039000000,105752000000,120840000000,43625000000,52054000000,64280000000,None,9233000000,54989000000,16556942000,35255000000,80769000000,51591000000,46179000000,24126000000,5412000000,5717000000,11129000000,719000000,-665000000,719000000,665000000,81434000000,189000000,None,2832000000,24369000000,2625000000,665000000,21744000000,22088000000,25034000000,26958000000,21744000000,2021-07-27,1.3,1.01,0.29,28.7129
2021-09-30,351002000000,134836000000,34940000000,62639000000,6580000000,51506000000,216166000000,39440000000,70283000000,None,None,None,318994000000,127877000000,27699000000,14111000000,48849000000,287912000000,125481000000,54763000000,19512000000,15692000000,6000000000,162431000000,769000000,118700000000,9613000000,109106000000,241783000000,47493000000,53325000000,63090000000,None,5562000000,57365000000,16426786000,35174000000,82688000000,53802000000,48186000000,23786000000,5616000000,5772000000,11388000000,659000000,-672000000,659000000,672000000,83360000000,-525000000,None,2989000000,23248000000,2697000000,672000000,20551000000,20656000000,23920000000,26775000000,20551000000,2021-10-28,1.24,1.24,0,0
2021-12-31,381191000000,153154000000,37119000000,63913000000,5876000000,65253000000,228037000000,39245000000,68454000000,None,None,None,338496000000,138683000000,26794000000,18112000000,50109000000,309259000000,147574000000,74362000000,20276000000,16169000000,5000000000,161685000000,None,117800000000,11169000000,106629000000,122800000000,49167000000,55056000000,71932000000,None,14435000000,58424000000,16340851000,54243000000,123251000000,76151000000,69702000000,41488000000,6449000000,6306000000,12755000000,650000000,-694000000,650000000,694000000,123945000000,-203000000,None,2697000000,41241000000,6611000000,694000000,34630000000,33540000000,41935000000,44185000000,34630000000,2022-01-27,2.1,1.89,0.21,11.1111
2022-03-31,350662000000,118180000000,28098000000,51511000000,5460000000,45400000000,232482000000,39304000000,70020000000,None,None,None,335183000000,141219000000,23413000000,15809000000,51959000000,283263000000,127508000000,52682000000,20420000000,16658000000,6999000000,155755000000,None,113000000000,9659000000,103323000000,119999000000,50248000000,52432000000,67399000000,None,12712000000,61181000000,16207568000,42559000000,96587000000,60912000000,54719000000,29979000000,6193000000,6387000000,12580000000,700000000,-691000000,700000000,691000000,97278000000,151000000,None,2737000000,30139000000,5129000000,691000000,25010000000,19443000000,30830000000,32716000000,25010000000,2022-04-28,1.52,1.43,0.09,6.2937
2022-06-30,336309000000,112292000000,27502000000,48231000000,5433000000,42242000000,224017000000,40335000000,71516000000,None,None,None,307072000000,131077000000,20729000000,16386000000,52605000000,278202000000,129873000000,48343000000,19928000000,24991000000,10982000000,148329000000,None,108700000000,14009000000,94700000000,119682000000,48811000000,53629000000,58107000000,None,5289000000,62115000000,16095378000,35885000000,82240000000,53086000000,47074000000,23076000000,6012000000,6797000000,12809000000,722000000,-719000000,722000000,719000000,82959000000,-13000000,None,2805000000,23066000000,3624000000,719000000,19442000000,16639000000,23785000000,25881000000,19442000000,2022-07-28,1.2,1.16,0.04,3.4483
2022-09-30,352755000000,135405000000,23646000000,48304000000,4946000000,60932000000,217350000000,42117000000,72340000000,None,None,None,292870000000,120805000000,24658000000,21223000000,54428000000,302083000000,153982000000,64115000000,20312000000,21239000000,9982000000,148101000000,812000000,110087000000,11128000000,98959000000,233256000000,60845000000,49142000000,50672000000,None,-3068000000,64849000000,15943425000,38095000000,89319000000,58491000000,52051000000,24894000000,6440000000,6761000000,13201000000,753000000,-827000000,74000000,827000000,90146000000,-163000000,None,2865000000,24657000000,3936000000,827000000,20721000000,18909000000,25484000000,27759000000,20721000000,2022-10-27,1.29,1.27,0.02,1.5748
2022-12-31,346747000000,128777000000,20535000000,51355000000,6820000000,54180000000,217970000000,42951000000,68044000000,None,None,None,291347000000,114095000000,30820000000,16422000000,60924000000,290020000000,137286000000,57918000000,20592000000,11483000000,1743000000,152734000000,None,109400000000,9740000000,99627000000,111143000000,59893000000,53107000000,56727000000,None,3240000000,66399000000,15842407000,50332000000,116151000000,73429000000,66822000000,36016000000,6607000000,7709000000,14316000000,868000000,-1003000000,135000000,1003000000,117154000000,-258000000,None,2916000000,35623000000,5625000000,1003000000,29998000000,28195000000,36626000000,38932000000,29998000000,2023-02-02,1.88,1.94,-0.06,-3.0928
2023-03-31,332160000000,112913000000,24687000000,24687000000,7482000000,None,219247000000,43398000000,69668000000,None,None,None,None,110461000000,31185000000,13660000000,65388000000,270002000000,120075000000,42945000000,None,None,12574000000,149927000000,None,107600000000,10578000000,97041000000,109615000000,56425000000,52886000000,62158000000,None,4336000000,69568000000,15723406000,41976000000,94836000000,59061000000,52860000000,28318000000,6201000000,7457000000,13658000000,None,-12000000,12000000,930000000,94836000000,76000000,None,2898000000,28382000000,4222000000,None,24160000000,25326000000,29312000000,31216000000,24160000000,2023-05-04,1.52,1.43,0.09,6.2937
2023-06-30,335038000000,122659000000,28408000000,62482000000,7351000000,39186000000,212379000000,43550000000,70787000000,None,None,None,277871000000,104061000000,34074000000,13640000000,64768000000,274764000000,124963000000,46699000000,20358000000,11209000000,3993000000,149801000000,None,105300000000,7216000000,98071000000,109293000000,58897000000,51730000000,60274000000,None,1408000000,70667000000,15647868000,36413000000,80799000000,51357000000,45384000000,22998000000,5973000000,7442000000,13415000000,980000000,-998000000,18000000,998000000,81797000000,-247000000,None,3052000000,22733000000,2852000000,998000000,19881000000,19826000000,23731000000,26050000000,19881000000,2023-08-03,1.26,1.19,0.07,5.8824
2023-09-30,352583000000,143566000000,29965000000,61555000000,6331000000,60985000000,209017000000,43715000000,70884000000,None,None,None,264965000000,100544000000,31590000000,14695000000,64758000000,290437000000,145308000000,62611000000,20161000000,15972000000,5985000000,145129000000,859000000,105100000000,9822000000,95281000000,111088000000,58829000000,49848000000,62146000000,None,-214000000,73812000000,15550061000,40427000000,88496000000,55222000000,49071000000,26969000000,6151000000,7307000000,13458000000,984000000,-1002000000,18000000,1002000000,89498000000,47000000,None,2653000000,26998000000,4042000000,1002000000,22956000000,23305000000,28000000000,29622000000,22956000000,2023-11-02,1.46,1.39,0.07,5.036
2023-12-31,353514000000,143692000000,40760000000,73100000000,6511000000,50102000000,209822000000,43666000000,72510000000,None,None,None,272376000000,99475000000,32340000000,13979000000,66681000000,279414000000,133973000000,58146000000,20764000000,12952000000,1998000000,145441000000,None,106000000000,10954000000,95088000000,107998000000,54611000000,50353000000,74100000000,None,8242000000,75236000000,15460223000,54855000000,119575000000,71506000000,64720000000,40373000000,6786000000,7696000000,14482000000,None,None,None,1002000000,119575000000,None,None,2848000000,40323000000,6407000000,None,33916000000,35990000000,40373000000,43221000000,33916000000,2024-02-01,2.18,2.1,0.08,3.8095
2024-03-31,337411000000,128416000000,32695000000,67150000000,6232000000,41150000000,208995000000,43546000000,71697000000,None,None,None,261876000000,95187000000,34455000000,13884000000,70262000000,263217000000,123822000000,45753000000,20612000000,12759000000,1997000000,139395000000,None,102600000000,10762000000,91831000000,104597000000,57298000000,47564000000,74194000000,None,4339000000,78815000000,15337686000,42271000000,90753000000,54950000000,48482000000,27900000000,6468000000,7903000000,14371000000,None,None,None,None,90753000000,None,None,2836000000,28058000000,4422000000,None,23636000000,24054000000,27900000000,30736000000,23636000000,2024-05-02,1.53,1.5,0.03,2
2024-06-30,331612000000,125435000000,25565000000,61801000000,6165000000,43172000000,206177000000,44502000000,72627000000,None,None,None,255441000000,91240000000,36236000000,14297000000,70435000000,264904000000,131624000000,47574000000,20553000000,15108000000,2994000000,133280000000,None,98300000000,12114000000,86196000000,101294000000,60889000000,47084000000,66708000000,None,-4726000000,79850000000,15222259000,39678000000,85777000000,52419000000,46099000000,25352000000,6320000000,8006000000,14326000000,None,None,None,None,85777000000,None,None,2850000000,25494000000,4046000000,None,21448000000,21992000000,25352000000,28202000000,21448000000,2024-08-01,1.4,1.35,0.05,3.7037
